1909.0,ピアノ独奏曲,ソナタ,48分30秒
1889.0,ピアノ独奏曲,その他の舞曲,6分30秒
1896.0,ピアノ独奏曲,曲集・小品集,21分30秒
1886.0,ピアノ独奏曲,曲集・小品集,35分00秒
1890.0,ピアノ独奏曲,曲集・小品集,16分00秒
1886.0,ピアノ独奏曲,曲集・小品集,0分30秒
1852.0,ピアノ独奏曲,曲集・小品集,7分00秒
1857.0,ピアノ独奏曲,舟歌,7分00秒
1849.0,ピアノ独奏曲,練習曲,35分30秒
1922.0,ピアノ独奏曲,曲集・小品集,21分30秒
1810.0,ピアノ協奏曲(管弦楽とピアノ),協奏曲,22分00秒
1815.0,ピアノ独奏曲,変奏曲,19分00秒
1819.0,ピアノ独奏曲,ロンド,8分30秒
1812.0,ピアノ独奏曲,ソナタ,27分30秒
1816.0,ピアノ独奏曲,ソナタ,31分00秒
1920.0,ピアノ独奏曲,★ 種々の作品 ★,
1924.0,ピアノ協奏曲(管弦楽とピアノ),協奏曲,16分30秒
1917.0,ピアノ独奏曲,★ 種々の作品 ★,2分30秒
,ピアノ独奏曲,曲集・小品集,23分00秒
1925.0,ピアノ独奏曲,リダクション／アレンジメント,7分00秒
1921.0,ピアノ独奏曲,リダクション／アレンジメント,5分30秒
1892.0,ピアノ独奏曲,曲集・小品集,55分00秒
1911.0,ピアノ独奏曲,その他の舞曲,4分10秒
1909.0,ピアノ独奏曲,曲集・小品集,50分00秒
1868.0,ピアノ協奏曲(管弦楽とピアノ),協奏曲,27分30秒
1865.0,ピアノ独奏曲,ソナタ,18分00秒
1926.0,ピアノ独奏曲,曲集・小品集,8分50秒
1933.0,ピアノ独奏曲,★ 種々の作品 ★,11分00秒
1927.0,ピアノ独奏曲,その他の舞曲,12分30秒
1905.0,ピアノ独奏曲,曲集・小品集,21分30秒
1917.0,ピアノ独奏曲,曲集・小品集,20分00秒
1884.0,ピアノ協奏曲(管弦楽とピアノ),ラプソディー,8分30秒
1891.0,ピアノ協奏曲(管弦楽とピアノ),管弦楽付き作品,11分00秒
1885.0,ピアノ協奏曲(管弦楽とピアノ),管弦楽付き作品,7分00秒
1858.0,ピアノ協奏曲(管弦楽とピアノ),協奏曲,26分00秒
1868.0,ピアノ協奏曲(管弦楽とピアノ),協奏曲,33分30秒
1869.0,ピアノ協奏曲(管弦楽とピアノ),協奏曲,30分00秒
1875.0,ピアノ協奏曲(管弦楽とピアノ),協奏曲,29分00秒
1896.0,ピアノ協奏曲(管弦楽とピアノ),協奏曲,29分00秒
1884.0,ピアノ協奏曲(管弦楽とピアノ),管弦楽付き作品,3分50秒
1877.0,ピアノ独奏曲,練習曲,23分00秒
1912.0,ピアノ独奏曲,練習曲,18分30秒
1909.0,ピアノ独奏曲,曲集・小品集,14分30秒
1920.0,ピアノ独奏曲,曲集・小品集,12分30秒
,ピアノ独奏曲,曲集・小品集,7分20秒
1893.0,ピアノ独奏曲,ソナタ,18分00秒
1893.0,ピアノ独奏曲,即興曲,14分30秒
1924.0,ピアノ独奏曲,マズルカ,50分40秒
1915.0,ピアノ独奏曲,曲集・小品集,20分00秒
1900.0,ピアノ独奏曲,練習曲,13分30秒
1910.0,ピアノ独奏曲,ソナタ,28分30秒
1915.0,ピアノ独奏曲,曲集・小品集,15分30秒
1890.0,ピアノ独奏曲,ブーレ,6分00秒
1873.0,ピアノ独奏曲,即興曲,7分30秒
1841.0,ピアノ協奏曲(管弦楽とピアノ),協奏曲,33分00秒
1849.0,ピアノ協奏曲(管弦楽とピアノ),管弦楽付き作品,15分30秒
1833.0,ピアノ独奏曲,性格小品,6分30秒
1829.0,ピアノ独奏曲,変奏曲,9分00秒
1829.0,ピアノ独奏曲,曲集・小品集,14分26秒
1837.0,ピアノ独奏曲,曲集・小品集,38分30秒
1829.0,ピアノ独奏曲,トッカータ,7分30秒
1831.0,ピアノ独奏曲,性格小品,10分00秒
1834.0,ピアノ独奏曲,練習曲,33分00秒
1838.0,ピアノ独奏曲,曲集・小品集,17分20秒
1838.0,ピアノ独奏曲,曲集・小品集,31分30秒
1836.0,ピアノ独奏曲,幻想曲,26分00秒
1839.0,ピアノ独奏曲,性格小品,6分00秒
1839.0,ピアノ独奏曲,性格小品,6分30秒
1838.0,ピアノ独奏曲,性格小品,28分00秒
1832.0,ピアノ独奏曲,ソナタ,36分00秒
1835.0,ピアノ独奏曲,ソナタ,30分00秒
1952.0,ピアノ独奏曲,★ 種々の作品 ★,
1896.0,ピアノ独奏曲,その他の舞曲,16分50秒
1933.0,ピアノ協奏曲(管弦楽とピアノ),協奏曲,23分00秒
1932.0,ピアノ独奏曲,前奏曲,35分30秒
1950.0,ピアノ独奏曲,曲集・小品集,2時間23分30秒
1896.0,ピアノ協奏曲(管弦楽とピアノ),協奏曲,31分00秒
1900.0,ピアノ独奏曲,幻想曲,8分30秒
1889.0,ピアノ独奏曲,性格小品,1分30秒
1914.0,ピアノ独奏曲,性格小品,6分30秒
1897.0,ピアノ独奏曲,ソナタ,19分00秒
1903.0,ピアノ独奏曲,ソナタ,9分00秒
1913.0,ピアノ独奏曲,ソナタ,8分30秒
1899.0,ピアノ独奏曲,★ 種々の作品 ★,2分30秒
1925.0,ピアノ独奏曲,セレナード,12分00秒
1940.0,ピアノ独奏曲,タンゴ,4分00秒
1903.0,ピアノ独奏曲,ソナタ,28分00秒
1908.0,ピアノ独奏曲,練習曲,8分00秒
1931.0,ピアノ協奏曲(管弦楽とピアノ),協奏曲,21分00秒
,ピアノ独奏曲,曲集・小品集,32分30秒
1874.0,ピアノ協奏曲(管弦楽とピアノ),協奏曲,34分30秒
1879.0,ピアノ協奏曲(管弦楽とピアノ),協奏曲,40分00秒
,ピアノ独奏曲,変奏曲,12分00秒
1875.0,ピアノ独奏曲,曲集・小品集,22分00秒
1886.0,ピアノ独奏曲,性格小品,9分00秒
1903.0,ピアノ独奏曲,変奏曲,20分30秒
1948.0,ピアノ独奏曲,ソナタ,25分00秒
1878.0,ピアノ合奏曲,曲集・小品集,35分30秒
1886.0,ピアノ合奏曲,曲集・小品集,37分00秒
